Symbol,Description,GICS Sector,Market cap
MSFT,Microsoft Corp,Information Technology,"$2,501,133,525,310"
AAPL,Apple Inc,Information Technology,"$2,461,287,677,940"
GOOG,Alphabet Inc Class C,Communication Services,"$1,969,649,374,798"
GOOGL,Alphabet Inc Class A,Communication Services,"$1,969,649,374,798"
AMZN,Amazon.Com Inc.,Consumer Discretionary,"$1,680,053,278,155"
TSLA,Tesla Inc,Consumer Discretionary,"$1,176,998,406,544"
FB,Facebook Inc Class A,Communication Services,"$936,340,361,994"
NVDA,Nvidia Corp,Information Technology,"$657,912,920,000"
BRK.B,Berkshire Hathaway Inc.,Financials,"$652,351,657,384"
JPM,JP Morgan Chase & Co,Financials,"$509,390,843,367"
V,Visa Inc Class A,Information Technology,"$460,944,560,000"
JNJ,Johnson & Johnson,Health Care,"$435,931,732,097"
UNH,Unitedhealth Group Inc,Health Care,"$426,236,366,127"
WMT,Walmart Stores Inc,Consumer Staples,"$417,493,893,012"
BAC,Bank of America Corp,Financials,"$391,853,943,452"
HD,Home Depot Inc,Consumer Discretionary,"$387,622,695,454"
PG,Procter & Gamble,Consumer Staples,"$348,617,682,805"
MA,Mastercard Inc Class A,Information Technology,"$320,172,445,496"
DIS,Walt Disney,Communication Services,"$308,602,609,629"
ADBE,Adobe Inc,Information Technology,"$305,086,560,000"
NFLX,Netflix Inc,Communication Services,"$299,413,312,822"
CRM,Salesforce.Com Inc,Information Technology,"$296,588,050,000"
XOM,Exxon Mobil Corp,Energy,"$274,419,548,280"
PYPL,Paypal Holdings Inc,Information Technology,"$269,622,877,139"
NKE,Nike Inc Class B,Consumer Discretionary,"$263,464,571,585"
ORCL,Oracle Corp,Information Technology,"$262,509,220,730"
PFE,Pfizer Inc,Health Care,"$254,823,985,780"
TMO,Thermo Fisher Scientific Inc,Health Care,"$250,293,103,544"
LLY,Eli Lilly,Health Care,"$245,700,756,142"
CSCO,Cisco Systems Inc,Information Technology,"$243,019,671,889"
KO,Coca-Cola,Consumer Staples,"$242,319,475,240"
CMCSA,Comcast A Corp,Communication Services,"$240,010,957,189"
ACN,Accenture Plc Class A,Information Technology,"$237,411,324,189"
ABT,Abbott Laboratories,Health Care,"$226,406,503,641"
MRK,Merck & Co Inc,Health Care,"$225,342,975,438"
PEP,Pepsico Inc,Consumer Staples,"$225,012,939,944"
DHR,Danaher Corp,Health Care,"$223,629,038,736"
AVGO,Broadcom Inc.,Information Technology,"$221,066,759,796"
CVX,Chevron Corp,Energy,"$220,137,196,586"
COST,Costco Wholesale Corp,Consumer Staples,"$219,582,015,829"
VZ,Verizon Communications Inc,Communication Services,"$217,648,416,013"
WFC,Wells Fargo,Financials,"$210,658,859,317"
ABBV,Abbvie Inc,Health Care,"$205,928,964,744"
INTC,Intel Corporation Corp,Information Technology,"$202,780,620,000"
MS,Morgan Stanley,Financials,"$190,958,561,586"
MCD,Mcdonalds Corp,Consumer Discretionary,"$186,132,151,605"
UPS,United Parcel Service Inc Class B,Industrials,"$180,780,616,000"
T,AT&T Inc.,Communication Services,"$180,142,200,000"
TXN,Texas Instrument Inc,Information Technology,"$174,860,421,739"
INTU,Intuit Inc,Information Technology,"$169,466,682,603"
LIN,Linde Plc,Materials,"$167,897,553,234"
NEE,Nextera Energy Inc,Utilities,"$167,343,755,300"
MDT,Medtronic Plc,Health Care,"$163,015,577,034"
LOW,Lowes Companies Inc,Consumer Discretionary,"$161,357,589,751"
UNP,Union Pacific Corp,Industrials,"$154,573,033,308"
AMD,Advanced Micro Devices Inc,Information Technology,"$154,127,322,372"
SCHW,Charles Schwab Corporation,Financials,"$153,652,366,367"
QCOM,Qualcomm Inc,Information Technology,"$152,539,440,000"
HON,Honeywell International Inc,Industrials,"$152,272,277,840"
PM,Philip Morris International Inc,Consumer Staples,"$146,372,938,474"
TMUS,T Mobile US Inc,Communication Services,"$144,514,499,624"
BLK,Blackrock Inc,Financials,"$144,258,783,343"
GS,Goldman Sachs Group Inc,Financials,"$141,902,004,573"
MRNA,"Moderna, Inc.",Health Care,"$140,727,250,216"
C,Citigroup Inc,Financials,"$139,037,463,554"
AXP,American Express,Financials,"$137,571,975,771"
NOW,Servicenow Inc,Information Technology,"$136,013,479,000"
RTX,Raytheon Technologies Corporation,Industrials,"$131,417,085,748"
SBUX,Starbucks Corp,Consumer Discretionary,"$131,410,695,000"
BMY,Bristol Myers Squibb,Health Care,"$130,137,782,539"
ISRG,Intuitive Surgical Inc,Health Care,"$128,737,447,599"
AMT,American Tower Corporation,Real Estate,"$128,722,681,457"
AMAT,Applied Material Inc,Information Technology,"$127,502,533,485"
TGT,Target Corp,Consumer Discretionary,"$127,017,043,934"
BA,Boeing,Industrials,"$125,044,763,890"
EL,Estee Lauder Inc Class A,Consumer Staples,"$122,447,365,049"
CHTR,Charter Communications Inc Class A,Communication Services,"$122,186,866,250"
AMGN,Amgen Inc,Health Care,"$121,668,045,154"
CVS,CVS Health Corp,Health Care,"$120,279,237,916"
GE,General Electric,Industrials,"$117,160,250,186"
CAT,Caterpillar Inc,Industrials,"$113,392,290,245"
IBM,International Business Machines Co,Information Technology,"$113,097,666,811"
SPGI,S&P Global Inc,Financials,"$111,144,380,000"
DE,Deere & Company,Industrials,"$110,164,843,133"
PLD,"Prologis, Inc",Real Estate,"$108,703,248,810"
MMM,3M,Industrials,"$105,294,802,898"
SYK,Stryker Corp,Health Care,"$102,815,298,561"
ANTM,Anthem Inc,Health Care,"$101,988,706,855"
BKNG,Booking Holdings Inc,Consumer Discretionary,"$100,753,869,641"
ZTS,Zoetis Inc,Health Care,"$100,570,957,755"
COP,ConocoPhillips,Energy,"$97,793,164,521"
ADP,Automatic Data Processing Inc,Information Technology,"$94,883,044,737"
USB,US Bancorp,Financials,"$90,232,418,374"
LMT,Lockheed Martin Corp,Industrials,"$89,991,873,236"
PNC,"PNC Financial Services Group, Inc.",Financials,"$89,262,739,125"
TFC,Truist Financial Corporation,Financials,"$86,473,544,688"
MDLZ,Mondelez International Inc,Consumer Staples,"$85,770,078,302"
MMC,Marsh & McLennan Inc,Financials,"$82,848,280,771"
GILD,Gilead Sciences Inc,Health Care,"$82,626,042,096"
CB,Chubb Ltd,Financials,"$82,069,136,078"
SHW,Sherwin Williams,Materials,"$82,012,348,147"
MO,Altria Group Inc,Consumer Staples,"$81,103,056,491"
TJX,"TJX Companies, Inc.",Consumer Discretionary,"$80,954,938,742"
LRCX,Lam Research Corp,Information Technology,"$80,852,243,765"
GM,General Motors,Consumer Discretionary,"$80,708,913,743"
CSX,CSX Corp,Industrials,"$80,462,959,028"
CME,CME Group Inc Class A,Financials,"$79,225,210,119"
MU,Micron Technology Inc,Information Technology,"$79,153,815,701"
CCI,Crown Castle International Corp.,Real Estate,"$79,005,492,780"
DUK,Duke Energy Corp,Utilities,"$78,818,636,915"
ICE,Intercontinental Exchange Inc,Financials,"$78,206,155,880"
HCA,"HCA Healthcare, Inc.",Health Care,"$77,270,504,432"
EQIX,"Equinix, Inc.",Real Estate,"$75,112,845,740"
CI,Cigna Corp,Health Care,"$73,024,489,699"
EW,Edwards Lifesciences Corp,Health Care,"$73,009,675,962"
NSC,Norfolk Southern Corp,Industrials,"$72,644,787,412"
MCO,Moodys Corp,Financials,"$72,631,130,000"
ITW,Illinois Tool Inc,Industrials,"$72,245,926,473"
F,Ford Motor Company,Consumer Discretionary,"$70,696,263,580"
BDX,Becton Dickinson,Health Care,"$69,758,494,722"
ADSK,Autodesk Inc,Information Technology,"$69,235,300,880"
ETN,"Eaton Corporation, PLC",Industrials,"$68,443,396,264"
COF,Capital One Financial Corp,Financials,"$67,769,142,649"
WM,Waste Management Inc,Industrials,"$67,445,146,239"
FIS,Fidelity National Information Services,Information Technology,"$67,433,294,592"
REGN,Regeneron Pharmaceuticals Inc,Health Care,"$67,138,820,877"
AON,Aon Plc,Financials,"$67,130,877,460"
SO,Southern Co,Utilities,"$66,166,025,117"
APD,Air Products And Chemicals Inc,Materials,"$65,984,377,853"
FISV,Fiserv Inc,Information Technology,"$65,613,849,005"
ADI,Analog Devices Inc,Information Technology,"$65,520,059,838"
ECL,Ecolab Inc,Materials,"$65,024,987,631"
CL,Colgate-Palmolive,Consumer Staples,"$64,284,069,663"
FDX,FedEx Corporation,Industrials,"$62,632,313,703"
DXCM,Dexcom Inc,Health Care,"$61,995,209,828"
BSX,Boston Scientific Corp,Health Care,"$61,524,672,920"
ILMN,Illumina Inc,Health Care,"$61,204,707,000"
D,Dominion Energy Inc,Utilities,"$61,032,708,089"
ATVI,Activision Blizzard Inc,Communication Services,"$60,404,614,923"
EMR,Emerson Electric,Industrials,"$59,869,670,000"
PSA,Public Storage,Real Estate,"$59,218,988,458"
KLAC,KLA-Tencor Corporation,Information Technology,"$58,943,116,644"
HUM,Humana Inc,Health Care,"$58,740,766,961"
FCX,"Freeport-McMoRan, Inc.",Materials,"$56,593,881,965"
GD,General Dynamics Corp,Industrials,"$56,333,205,953"
NOC,Northrop Grumman Corp,Industrials,"$55,995,495,508"
PGR,Progressive Corp,Financials,"$55,368,248,526"
NXPI,NXP Semiconductors Nv,Information Technology,"$54,766,260,813"
MET,Metlife Inc,Financials,"$54,575,799,291"
EOG,EOG Resources Inc,Energy,"$54,193,899,680"
MSCI,MSCI Inc,Financials,"$53,947,358,372"
FTNT,Fortinet Inc,Information Technology,"$53,639,253,286"
INFO,IHS Markit Ltd,Industrials,"$53,497,621,130"
IDXX,Idexx Laboratories Inc,Health Care,"$53,372,385,940"
JCI,Johnson Controls International Plc,Industrials,"$52,868,405,632"
ALGN,Align Technology Inc,Health Care,"$52,705,439,874"
EXC,Exelon Corp,Utilities,"$52,548,727,148"
SPG,"Simon Property Group, Inc",Real Estate,"$52,245,888,805"
MAR,Marriott International Inc,Consumer Discretionary,"$52,124,557,302"
DG,Dollar General Corp,Consumer Discretionary,"$51,757,538,761"
BK,Bank Of New York Mellon Corp,Financials,"$51,729,998,523"
AIG,American International Group Inc,Financials,"$51,295,042,171"
SNPS,Synopsys Inc,Information Technology,"$50,812,392,605"
CMG,Chipotle Mexican Grill Inc,Consumer Discretionary,"$50,633,602,054"
ROP,Roper Technologies Inc,Industrials,"$50,498,021,276"
TEL,TE Connectivity Ltd,Information Technology,"$49,871,931,382"
IQV,"IQVIA Holdings, Inc.",Health Care,"$49,403,408,849"
TROW,T Rowe Price Group Inc,Financials,"$48,732,833,920"
EBAY,Ebay Inc,Consumer Discretionary,"$48,689,179,795"
CDNS,Cadence Design Systems Inc,Information technology,"$48,652,102,550"
A,Agilent Technologies Inc,Health Care,"$47,784,773,144"
APTV,Aptiv Plc,Consumer Discretionary,"$47,233,327,496"
VRTX,Vertex Pharmaceuticals Inc,Health Care,"$47,060,310,672"
XLNX,Xilinx Inc,Information Technology,"$46,824,610,394"
SLB,Schlumberger Nv,Energy,"$46,567,401,855"
APH,Amphenol Corp,Information Technology,"$46,550,482,551"
PXD,Pioneer Natural Resource,Energy,"$46,288,789,198"
KHC,Kraft Heinz,Consumer Staples,"$45,432,695,864"
MNST,Monster Beverage Corp,Consumer Staples,"$45,426,002,307"
CARR,Carrier Global Corporation,Industrials,"$45,409,050,437"
CTAS,Cintas Corp,Industrials,"$45,015,406,880"
DLR,"Digital Realty Trust, Inc",Real Estate,"$44,641,283,821"
PAYX,Paychex Inc,Information Technology,"$44,507,714,668"
KMB,Kimberly Clark Corp,Consumer Staples,"$44,301,819,114"
NEM,Newmont Corporation,Materials,"$43,627,685,482"
TT,Trane Technologies plc,Industrials,"$43,482,392,649"
DOW,Dow Inc.,Materials,"$43,245,254,670"
TWTR,Twitter Inc,Communication Services,"$43,170,936,827"
AEP,American Electric Power Inc,Utilities,"$42,961,488,048"
PRU,Prudential Financial Inc,Financials,"$42,911,620,000"
LHX,"L3Harris Technologies, Inc.",Industrials,"$42,859,566,939"
ORLY,Oreilly Automotive Inc,Consumer Discretionary,"$42,825,925,093"
MSI,Motorola Solutions Inc,Information Technology,"$42,586,830,146"
RSG,Republic Services Inc,Industrials,"$42,554,121,489"
SIVB,SVB Financial Group,Financials,"$41,787,845,022"
WBA,Walgreen Boots Alliance Inc,Consumer Staples,"$41,332,990,095"
CTSH,Cognizant Technology Solutions,Information Technology,"$41,295,291,327"
STZ,Constellation Brands Class A,Consumer Staples,"$41,292,878,828"
MPC,Marathon Petroleum Corp,Energy,"$41,253,388,786"
MTCH,Match Group Inc,Communication Services,"$41,120,233,496"
SRE,Sempra Energy,Utilities,"$40,883,606,218"
ROST,Ross Stores Inc,Consumer Discretionary,"$40,703,617,173"
DD,"DuPont de Nemours, Inc.",Materials,"$40,531,663,063"
CNC,Centene Corp,Health Care,"$40,460,093,305"
BAX,Baxter International Inc,Health Care,"$40,200,676,378"
ODFL,Old Dominion Freight Line Inc,Industrials,"$40,175,675,894"
BIIB,Biogen Inc,Health Care,"$40,029,732,947"
EA,Electronic Arts Inc,Communication Services,"$39,889,831,887"
ROK,Rockwell Automation Inc,Industrials,"$39,844,393,192"
SYY,Sysco Corp,Consumer Staples,"$39,757,698,683"
HLT,Hilton Worldwide Holdings Inc,Consumer Discretionary,"$39,394,522,534"
SBAC,SBA Communications Corporation,Real Estate,"$39,257,383,990"
TRV,Travelers Companies Inc,Financials,"$39,071,099,669"
GPN,Global Payments Inc,Information Technology,"$38,877,560,109"
PH,Parker-Hannifin Corp,Industrials,"$38,815,230,710"
KMI,Kinder Morgan Inc,Energy,"$38,440,192,717"
PPG,PPG Industries Inc,Materials,"$38,432,824,092"
RMD,Resmed Inc,Health Care,"$38,266,897,089"
GIS,General Mills Inc,Consumer Staples,"$37,934,518,269"
ANET,Arista Networks Inc,Information Technology,"$37,734,610,274"
AZO,Autozone Inc,Consumer Discretionary,"$37,493,861,250"
FRC,First Republic Bank,Financials,"$37,484,080,020"
ALL,Allstate Corp,Financials,"$37,013,398,653"
YUM,Yum Brands Inc,Consumer Discretionary,"$36,784,344,746"
HSY,Hershey Foods,Consumer Staples,"$36,528,921,000"
CPRT,Copart Inc,Industrials,"$36,526,242,916"
AFL,Aflac Inc,Financials,"$36,463,435,431"
IFF,International Flavors & Fragrances,Materials,"$35,964,944,268"
HPQ,HP Inc,Information Technology,"$35,739,606,065"
ADM,Archer-Daniels-Midland Company,Consumer Staples,"$35,451,792,646"
NDAQ,Nasdaq Inc,Financials,"$35,316,795,507"
AMP,Ameriprise Finance Inc,Financials,"$35,018,961,624"
XEL,Xcel Energy Inc,Utilities,"$34,857,696,135"
CMI,Cummins Inc,Industrials,"$34,793,143,209"
TDG,Transdigm Group Inc,Industrials,"$34,707,054,052"
WELL,Welltower Inc,Real Estate,"$34,603,670,804"
WMB,Williams Inc,Energy,"$34,494,695,994"
OTIS,Otis Worldwide Corporation,Industrials,"$34,453,010,751"
CBRE,CBRE Group Inc,Real Estate,"$34,176,078,236"
STT,State Street Corp,Financials,"$34,157,949,656"
KEYS,Keysight Technologies Inc,Information Technology,"$34,037,550,937"
MTD,Mettler Toledo Inc,Health Care,"$33,978,201,620"
PSX,Phillips 66,Energy,"$33,974,676,171"
MCK,Mckesson Corp,Health Care,"$33,862,903,829"
AJG,Arthur J Gallagher,Financials,"$33,796,677,900"
VRSK,Verisk Analytics Inc,Industrials,"$33,772,266,666"
DFS,Discover Financial Services,Financials,"$33,612,858,226"
BF.B,Brown Forman Inc Class B,Consumer Staples,"$33,559,927,833"
ANSS,Ansys Inc,Information Technology,"$33,519,801,761"
EFX,Equifax Inc,Industrials,"$33,490,636,981"
PAYC,Paycom Software Inc,Information Technology,"$33,246,021,593"
FAST,Fastenal,Industrials,"$33,025,879,787"
AVB,"AvalonBay Communities, Inc",Real Estate,"$32,893,709,598"
WST,West Pharmaceutical Services Inc,Health Care,"$32,449,137,561"
PEG,Public Service Enterprise Group Inc,Utilities,"$32,346,821,067"
AME,Ametek Inc,Industrials,"$32,334,105,817"
AWK,American Water Works Inc,Utilities,"$32,088,443,296"
OXY,Occidental Petroleum Corp,Energy,"$32,083,122,127"
ENPH,Enphase Energy Inc,Information Technology,"$32,056,546,769"
ARE,"Alexandria Real Estate Equities, Inc",Real Estate,"$31,832,776,161"
PCAR,Paccar Inc,Industrials,"$31,822,273,426"
DHI,D R Horton Inc,Consumer Discretionary,"$31,699,281,522"
EQR,Equity Residential,Real Estate,"$31,658,869,461"
GLW,Corning Inc,Information Technology,"$31,541,976,645"
NUE,Nucor Corp,Materials,"$31,489,927,935"
CTVA,"Corteva, Inc.",Materials,"$31,452,485,400"
LYB,Lyondellbasell Industries NV,Materials,"$31,404,820,795"
ZBRA,Zebra Technologies Corp,Information Technology,"$31,270,107,327"
LVS,Las Vegas Sands Corp,Consumer Discretionary,"$31,094,382,906"
VLO,Valero Energy Corp,Energy,"$31,014,269,754"
GNRC,Generac Holdings Inc,Industrials,"$30,523,902,787"
ETSY,Etsy Inc,Consumer Discretionary,"$30,458,174,662"
BBY,Best Buy Inc,Consumer Discretionary,"$30,457,749,363"
BLL,Ball Corp,Materials,"$30,449,878,642"
ZBH,Zimmer Biomet Holdings Inc,Health Care,"$30,421,795,052"
ALB,Albemarle Corp,Materials,"$30,409,304,417"
FITB,Fifth Third Bancorp,Financials,"$30,391,604,012"
KR,Kroger,Consumer Staples,"$30,266,086,502"
LEN,Lennar Corporation Class A,Consumer Discretionary,"$30,264,045,639"
SWK,Stanley Black & Decker Inc,Industrials,"$29,769,910,948"
TSN,Tyson Foods Inc Class A,Consumer Staples,"$29,688,008,080"
WLTW,Willis Towers Watson PLC,Financials,"$29,536,629,233"
ES,Eversource Energy,Utilities,"$29,055,037,210"
LUV,Southwest Airlines,Industrials,"$28,950,802,651"
WEC,WEC Energy Group Inc,Utilities,"$28,669,844,523"
OKE,Oneok Inc,Energy,"$28,553,495,144"
DVN,Devon Energy Corp,Energy,"$28,420,460,000"
IT,Gartner Inc,Information Technology,"$28,414,643,208"
KSU,Kansas City Southern,Industrials,"$28,302,195,275"
VFC,VF Corp,Consumer Discretionary,"$28,277,112,199"
SWKS,Skyworks Solutions Inc,Information Technology,"$28,198,496,968"
O,Realty Income Corporation,Real Estate,"$28,032,062,709"
URI,United Rentals Inc,Industrials,"$27,958,006,853"
GRMN,Garmin Ltd,Consumer Discretionary,"$27,742,455,568"
FTV,Fortive Corp,Industrials,"$27,606,893,427"
LH,Laboratory Corporation Of America,Health Care,"$27,593,536,000"
WY,Weyerhaeuser Company,Real Estate,"$27,077,976,750"
EXR,Extra Space Storage Inc,Real Estate,"$27,034,431,337"
ED,Consolidated Edison Inc,Utilities,"$27,012,505,404"
BKR,Baker Hughes Company Class A,Energy,"$26,812,716,000"
CDW,CDW Corp,Information Technology,"$26,015,516,743"
ABC,AmerisourceBergen Corp,Health Care,"$26,014,946,923"
SYF,Synchrony Financial,Financials,"$25,929,139,806"
VMC,Vulcan Materials,Materials,"$25,873,589,238"
DAL,Delta Air Lines Inc,Industrials,"$25,850,158,109"
NTRS,Northern Trust Corporation,Financials,"$25,720,922,053"
HES,Hess Corp,Energy,"$25,486,083,950"
MLM,Martin Marietta Materials Inc,Materials,"$25,418,139,832"
CCL,Carnival Corp,Consumer Discretionary,"$25,292,411,267"
VRSN,Verisign Inc,Information Technology,"$25,071,513,790"
DLTR,Dollar Tree Inc,Consumer Discretionary,"$25,043,936,502"
HIG,Hartford Financial Services Group,Financials,"$24,770,917,031"
DOV,Dover Corp,Industrials,"$24,684,728,910"
TSCO,Tractor Supply,Consumer Discretionary,"$24,655,921,147"
MPWR,Monolithic Power Systems Inc,Information Technology,"$24,612,201,600"
VIAC,ViacomCBS Inc. - Class B,Communication Services,"$24,268,365,026"
GWW,W.W. Grainger Inc,Industrials,"$24,262,335,734"
EIX,Edison International,Utilities,"$24,126,442,928"
CZR,Caesars Entertainment Corp,Consumer Discretionary,"$23,848,625,627"
IR,Ingersoll Rand Plc,Industrials,"$23,625,304,685"
STE,STERIS PLC,Health Care,"$23,615,934,103"
MAA,"Mid-America Apartment Communities, Inc",Real Estate,"$23,423,740,431"
KMX,Carmax Inc,Consumer Discretionary,"$23,407,527,547"
LYV,Live Nation Entertainment Inc,Communication Services,"$23,383,761,063"
HRL,Hormel Foods Corp,Consumer Staples,"$23,367,923,917"
HBAN,Huntington Bancshares Inc,Financials,"$23,344,372,905"
CTLT,Catalent Inc,Health Care,"$23,286,839,901"
XYL,Xylem Inc,Industrials,"$23,250,034,376"
EXPE,Expedia Inc,Consumer Discretionary,"$23,224,168,584"
FOX,Fox Corporation Class B,Communication Services,"$23,177,036,839"
FOXA,Fox Corporation Class A,Communication Services,"$23,177,036,839"
TER,Teradyne Inc,Information Technology,"$23,169,211,831"
MGM,MGM Resorts International,Consumer Discretionary,"$23,072,432,451"
BIO,Bio Rad Laboratories Inc Class A,Health Care,"$23,058,553,001"
RF,Regions Financial Corp,Financials,"$22,870,761,796"
HAL,Halliburton,Energy,"$22,600,873,808"
CERN,Cerner Corp,Health Care,"$22,558,059,009"
DISH,Dish Network Corp Class A,Communication Services,"$22,549,319,567"
KEY,Keycorp,Financials,"$22,503,388,500"
PPL,PPL Corporation,Utilities,"$22,503,274,323"
COO,"Cooper Companies, Inc.",Health Care,"$22,437,189,984"
RCL,Royal Caribbean Cruises Ltd,Consumer Discretionary,"$22,365,452,770"
TRMB,Trimble Inc,Information Technology,"$22,250,746,784"
TYL,Tyler Technologies Inc,Information Technology,"$22,204,662,922"
DTE,DTE Energy,Utilities,"$21,906,680,596"
ESS,"Essex Property Trust, Inc",Real Estate,"$21,878,623,512"
CRL,Charles River Laboratories International,Health Care,"$21,768,820,873"
CHD,Church And Dwight Inc,Consumer Staples,"$21,746,294,960"
MKC,McCormick & Co  Non-voting,Consumer Staples,"$21,742,491,871"
AEE,Ameren Corp,Utilities,"$21,685,220,171"
MCHP,Microchip Technology Inc,Information Technology,"$21,588,884,671"
TTWO,Take Two Interactive Software Inc,Communication Services,"$21,432,381,804"
WAT,Waters Corp,Health Care,"$21,408,462,643"
FE,Firstenergy Corp,Utilities,"$21,395,691,027"
DRE,Duke Realty Corporation,Real Estate,"$21,365,701,830"
K,Kellogg,Consumer Staples,"$21,315,160,994"
TDY,Teledyne Technologies Inc,Information Technology,"$20,946,307,817"
ETR,Entergy Corp,Utilities,"$20,859,083,017"
BR,Broadridge Financial Solutions Inc,Information Technology,"$20,779,028,293"
VTR,"Ventas, Inc",Real Estate,"$20,743,444,230"
FANG,Diamondback Energy Inc,Energy,"$20,721,590,014"
EXPD,Expeditors International Of Washington,Industrials,"$20,711,431,072"
POOL,Pool Corp,Consumer Discretionary,"$20,661,741,133"
STX,Seagate Technology Plc,Information Technology,"$20,442,432,470"
CLX,Clorox,Consumer Staples,"$20,320,272,869"
JBHT,JB Hunt Transport Services Inc,Industrials,"$20,287,633,989"
ULTA,Ulta Beauty Inc,Consumer Discretionary,"$20,213,404,493"
NTAP,NetApp Inc,Information Technology,"$20,184,791,810"
CFG,Citizens Financial Group Inc,Financials,"$20,119,991,380"
FLT,Fleetcor Technologies Inc,Information Technology,"$20,010,844,436"
HPE,Hewlett Packard Enterprise,Information Technology,"$19,934,682,213"
CINF,Cincinnati Financial Corp,Financials,"$19,912,193,123"
MTB,M&T Bank Corp,Financials,"$19,793,223,195"
PKI,Perkinelmer Inc,Health Care,"$19,766,845,610"
TECH,Bio-Techne Corp,Health Care,"$19,669,904,365"
CDAY,Ceridian HCM Holding Inc.,Information Technology,"$19,529,980,914"
QRVO,"Qorvo, Inc.",Information Technology,"$19,126,345,209"
BBWI,"Bath & Body Works, Inc.",Consumer Discretionary,"$19,079,795,585"
GPC,Genuine Parts,Consumer Discretionary,"$19,073,120,492"
PEAK,"Healthpeak Properties, Inc.",Real Estate,"$19,068,701,001"
IP,International Paper,Materials,"$18,956,532,123"
BEN,Franklin Resources Inc,Financials,"$18,947,545,653"
DRI,Darden Restaurants Inc,Consumer Discretionary,"$18,643,615,681"
AMCR,Amcor plc,Materials,"$18,582,903,087"
J,Jacobs Engineering Group Inc.,Industrials,"$18,326,115,760"
PFG,Principal Financial Group Inc,Financials,"$18,098,940,134"
CE,Celanese Corporation,Materials,"$18,086,713,978"
HOLX,Hologic Inc,Health Care,"$17,974,790,754"
AVY,Avery Dennison Corp,Materials,"$17,917,645,211"
BXP,"Boston Properties, Inc",Real Estate,"$17,779,860,915"
BRO,Brown & Brown Inc,Financials,"$17,716,635,610"
DPZ,Dominos Pizza Inc,Consumer Discretionary,"$17,715,630,118"
DGX,Quest Diagnostics Inc,Health Care,"$17,693,382,221"
IEX,IDEX Corp,Industrials,"$17,631,703,691"
CMS,CMS Energy Corp,Utilities,"$17,509,310,191"
NVR,"NVR, Inc.",Consumer Discretionary,"$17,500,849,262"
CTRA,Coterra Energy Inc.,Energy,"$17,417,400,000"
TFX,Teleflex Inc,Health Care,"$17,319,046,465"
ROL,Rollins Inc,Industrials,"$17,270,891,640"
WDC,Western Digital Corp,Information Technology,"$17,143,299,938"
AKAM,Akamai Technologies Inc,Information Technology,"$17,118,301,184"
UDR,"UDR, Inc",Real Estate,"$17,067,088,121"
WAB,Westinghouse Air Brake Technologies,Industrials,"$17,039,944,596"
AES,AES Corp,Utilities,"$16,905,546,578"
PWR,Quanta Services Inc,Industrials,"$16,816,286,383"
VTRS,Viatris Inc.,Health Care,"$16,725,889,189"
LKQ,LKQ Corp,Consumer Discretionary,"$16,609,835,573"
TXT,Textron Inc,Industrials,"$16,604,631,597"
ABMD,Abiomed Inc,Health Care,"$15,913,202,102"
CAG,Conagra Brands Inc,Consumer Staples,"$15,748,215,510"
MAS,Masco Corp,Industrials,"$15,643,567,426"
CNP,Centerpoint Energy Inc,Utilities,"$15,527,798,974"
UAL,United Continental Holdings Inc,Industrials,"$15,526,945,071"
MKTX,Marketaxess Holdings Inc,Financials,"$15,480,961,494"
PTC,PTC Inc,Information Technology,"$14,838,231,189"
EMN,Eastman Chemical,Materials,"$14,694,322,495"
NLOK,NortonLifeLock Inc.,Information Technology,"$14,665,402,918"
EVRG,Evergy Inc,Utilities,"$14,654,631,959"
L,Loews Corp,Financials,"$14,558,948,405"
WRB,WR Berkley Corp,Financials,"$14,489,989,540"
OMC,Omnicom Group Inc,Communication Services,"$14,426,346,888"
CBOE,"Cboe Global Markets, Inc.",Financials,"$14,404,266,903"
KIM,Kimco Realty Corporation,Real Estate,"$14,372,277,441"
MOS,Mosaic,Materials,"$14,299,320,972"
AAP,Advance Auto Parts Inc,Consumer Discretionary,"$14,286,678,037"
LNT,Alliant Energy Corp,Utilities,"$14,284,718,420"
IPG,Interpublic Group Of Companies Inc,Communication Services,"$14,041,312,572"
INCY,Incyte Corp,Health Care,"$14,018,622,876"
LNC,Lincoln National Corp,Financials,"$13,926,997,023"
LDOS,Leidos Holdings Inc,Industrials,"$13,897,454,015"
CAH,Cardinal Health Inc,Health Care,"$13,872,875,330"
NWS,News Corp Class B,Communication Services,"$13,863,692,386"
NWSA,News Corp Class A,Communication Services,"$13,863,692,386"
RJF,Raymond James Inc,Financials,"$13,845,428,851"
FBHS,Fortune Brands Home And Security,Industrials,"$13,766,177,371"
LUMN,"CenturyLink, Inc.",Communication Services,"$13,516,988,987"
IRM,Iron Mountain Incorporated,Real Estate,"$13,512,007,458"
WHR,Whirlpool Corp,Consumer Discretionary,"$13,509,467,998"
FFIV,F5 Networks Inc,Information Technology,"$13,426,713,763"
SJM,J.M. Smucker,Consumer Staples,"$13,405,032,633"
MRO,Marathon Oil Corp,Energy,"$13,339,708,424"
HWM,Howmet Aerospace Inc.,Industrials,"$13,159,025,529"
HAS,Hasbro Inc,Consumer Discretionary,"$12,891,138,366"
XRAY,Dentsply Sirona Inc,Health Care,"$12,861,702,869"
AAL,American Airlines Group Inc,Industrials,"$12,839,088,789"
RHI,Robert Half,Industrials,"$12,774,027,607"
PKG,Packaging Corp Of America,Materials,"$12,701,405,725"
AOS,A O Smith Corp,Industrials,"$12,652,162,320"
WRK,Westrock,Materials,"$12,586,667,695"
HST,"Host Hotels & Resorts, Inc",Real Estate,"$12,401,719,400"
PNR,Pentair,Industrials,"$12,349,639,484"
CHRW,"C.H. Robinson Worldwide, Inc.",Industrials,"$12,292,914,281"
REG,Regency Centers Corporation,Real Estate,"$12,278,472,988"
ATO,Atmos Energy Corp,Utilities,"$12,266,870,351"
DISCA,Discovery Communications Inc Series A,Communication Services,"$12,224,423,563"
DISCK,"Discovery Communications, Inc. - Series C",Communication Services,"$12,224,423,563"
CPB,Campbell Soup,Consumer Staples,"$12,199,139,049"
CF,CF Industries Holdings Inc,Materials,"$12,133,789,138"
IVZ,Invesco Ltd,Financials,"$12,125,119,332"
PHM,Pultegroup Inc,Consumer Discretionary,"$12,099,743,026"
FMC,FMC Corp,Materials,"$12,023,096,734"
CTXS,Citrix Systems Inc,Information Technology,"$11,875,344,718"
MHK,Mohawk Industries Inc,Consumer Discretionary,"$11,809,139,233"
JKHY,"Jack Henry & Associates, Inc.",Information Technology,"$11,788,062,206"
ALLE,Allegion PLC,Industrials,"$11,768,135,667"
PENN,Penn National Gaming Inc,Consumer Discretionary,"$11,445,618,535"
CMA,Comerica Inc,Financials,"$11,437,474,987"
BWA,BorgWarner Inc,Consumer Discretionary,"$11,282,127,734"
TPR,Tapestry,Consumer Discretionary,"$11,032,621,409"
SNA,Snap On Inc,Industrials,"$11,018,014,056"
HSIC,Henry Schein Inc,Health Care,"$10,929,596,750"
RE,Everest Re Group Ltd,Financials,"$10,866,038,409"
DVA,Davita Inc,Health Care,"$10,603,714,000"
WYNN,Wynn Resorts Ltd,Consumer Discretionary,"$10,589,738,001"
UA,Under Armour Inc Class C,Consumer Discretionary,"$10,519,829,760"
UAA,Under Armour Inc Class A,Consumer Discretionary,"$10,519,829,760"
UHS,Universal Health Services Inc.,Health Care,"$10,446,493,056"
ZION,Zions Bancorporation,Financials,"$10,361,164,700"
APA,Apache Corp,Energy,"$10,316,207,799"
NWL,Newell Brands Inc,Consumer Discretionary,"$10,154,298,000"
JNPR,Juniper Networks Inc,Information Technology,"$10,152,154,348"
TAP,Molson Coors Brewing Class B,Consumer Staples,"$9,898,236,955"
NI,Nisource Inc,Utilities,"$9,708,232,826"
FRT,Federal Realty Investment Trust,Real Estate,"$9,681,355,749"
NRG,NRG Energy Inc,Utilities,"$9,678,477,875"
AIZ,Assurant Inc,Financials,"$9,510,158,312"
IPGP,IPG Photonics Corp,Information Technology,"$9,487,149,645"
GL,Globe Life Inc.,Financials,"$9,356,261,524"
OGN,Organon & Co.,Health Care,"$9,251,858,911"
SEE,Sealed Air Corp,Materials,"$9,093,997,693"
GPS,Gap Inc,Consumer Discretionary,"$8,751,964,863"
RL,Ralph Lauren Corp Class A,Consumer Discretionary,"$8,562,261,096"
DXC,DXC Technology Company,Information Technology,"$8,307,801,901"
LW,Lamb Weston Holdings Inc,Consumer Staples,"$8,284,999,705"
VNO,Vornado Realty Trust,Real Estate,"$8,239,028,116"
HII,Huntington Ingalls Industries Inc,Industrials,"$8,024,122,332"
PVH,PVH Corp,Consumer Discretionary,"$8,004,667,172"
PBCT,Peoples United Financial Inc,Financials,"$7,626,154,091"
NLSN,Nielsen Holdings Plc,Industrials,"$7,512,351,361"
WU,Western Union,Information Technology,"$7,423,981,651"
PNW,Pinnacle West Corp,Utilities,"$7,307,378,247"
ALK,Alaska Air Group Inc,Industrials,"$6,818,921,658"
HBI,Hanesbrands Inc,Consumer Discretionary,"$6,138,087,009"
LEG,Leggett & Platt Inc,Consumer Discretionary,"$5,803,834,716"
NCLH,Norwegian Cruise Line Holdings Ltd,Consumer Discretionary,"$5,765,767,000"